{"/amdcpu/0/load/1":false,"/amdcpu/0/load/2":false,"/amdcpu/0/load/3":false,"/amdcpu/0/load/4":false,"/amdcpu/0/load/5":false,"/amdcpu/0/load/6":false,"/amdcpu/0/load/7":false,"/amdcpu/0/load/8":false,"/amdcpu/0/load/0":true,"/amdcpu/0/load/9":true,"/amdcpu/0/power/0":true,"/amdcpu/0/clock/0":false,"/amdcpu/0/power/2":false,"/amdcpu/0/voltage/3":false,"/amdcpu/0/power/3":false,"/amdcpu/0/voltage/4":false,"/amdcpu/0/power/4":false,"/amdcpu/0/voltage/5":false,"/amdcpu/0/power/5":false,"/amdcpu/0/voltage/6":false,"/amdcpu/0/power/6":false,"/amdcpu/0/voltage/7":false,"/amdcpu/0/power/7":false,"/amdcpu/0/voltage/8":false,"/amdcpu/0/power/8":false,"/amdcpu/0/voltage/9":false,"/amdcpu/0/power/9":false,"/amdcpu/0/voltage/10":false,"/amdcpu/0/clock/9":true,"/amdcpu/0/temperature/0":true,"/amdcpu/0/clock/1":false,"/amdcpu/0/clock/2":false,"/amdcpu/0/clock/3":false,"/amdcpu/0/clock/4":false,"/amdcpu/0/clock/5":false,"/amdcpu/0/clock/6":false,"/amdcpu/0/clock/7":false,"/amdcpu/0/clock/8":false,"/amdcpu/0/power/1":false,"/nvidiagpu/0/temperature/0":true,"/nvidiagpu/0/clock/0":true,"/nvidiagpu/0/clock/1":false,"/nvidiagpu/0/temperature/2":false,"/nvidiagpu/0/temperature/3":false,"/nvidiagpu/0/voltage/0":false,"/nvidiagpu/0/load/0":true,"/nvidiagpu/0/load/1":false,"/nvidiagpu/0/load/2":false,"/nvidiagpu/0/load/3":false,"/nvidiagpu/0/control/1":false,"/nvidiagpu/0/fan/0":false,"/nvidiagpu/0/data/3":false,"/nvidiagpu/0/data/2":false,"/nvidiagpu/0/data/1":false,"/nvidiagpu/0/load/4":false,"/nvidiagpu/0/power/0":true,"/nvidiagpu/0/power/2":false,"/nvidiagpu/0/power/1":false,"/nvidiagpu/0/data/4":true,"/nvidiagpu/0/data/5":false,"/nvidiagpu/0/data/6":false,"/nvidiagpu/0/data/7":false,"/nvidiagpu/0/throughput/0":false,"/nvidiagpu/0/throughput/1":false,"/nvidiagpu/0/frequency/0":false,"/nvidiagpu/0/factor/0":true,"/nvidiagpu/0/factor/1":false,"/nvidiagpu/0/factor/2":false,"/ram/load/0":false,"/ram/data/0":false,"/ram/data/1":false,"/ram/data/2":true,"/ram/data/3":false}